{ "frames": {
   "running-turtle 0.aseprite": {
    "frame": { "x": 0, "y": 0, "w": 48, "h": 48 },
    "rotated": false,
    "trimmed": false,
    "spriteSourceSize": { "x": 0, "y": 0, "w": 48, "h": 48 },
    "sourceSize": { "w": 48, "h": 48 },
    "duration": 100
   },
   "running-turtle 1.aseprite": {
    "frame": { "x": 48, "y": 0, "w": 48, "h": 48 },
    "rotated": false,
    "trimmed": false,
    "spriteSourceSize": { "x": 0, "y": 0, "w": 48, "h": 48 },
    "sourceSize": { "w": 48, "h": 48 },
    "duration": 100
   },
   "running-turtle 2.aseprite": {
    "frame": { "x": 96, "y": 0, "w": 48, "h": 48 },
    "rotated": false,
    "trimmed": false,
    "spriteSourceSize": { "x": 0, "y": 0, "w": 48, "h": 48 },
    "sourceSize": { "w": 48, "h": 48 },
    "duration": 100
   },
   "running-turtle 3.aseprite": {
    "frame": { "x": 144, "y": 0, "w": 48, "h": 48 },
    "rotated": false,
    "trimmed": false,
    "spriteSourceSize": { "x": 0, "y": 0, "w": 48, "h": 48 },
    "sourceSize": { "w": 48, "h": 48 },
    "duration": 100
   },
   "running-turtle 4.aseprite": {
    "frame": { "x": 192, "y": 0, "w": 48, "h": 48 },
    "rotated": false,
    "trimmed": false,
    "spriteSourceSize": { "x": 0, "y": 0, "w": 48, "h": 48 },
    "sourceSize": { "w": 48, "h": 48 },
    "duration": 100
   },
   "running-turtle 5.aseprite": {
    "frame": { "x": 240, "y": 0, "w": 48, "h": 48 },
    "rotated": false,
    "trimmed": false,
    "spriteSourceSize": { "x": 0, "y": 0, "w": 48, "h": 48 },
    "sourceSize": { "w": 48, "h": 48 },
    "duration": 100
   },
   "running-turtle 6.aseprite": {
    "frame": { "x": 288, "y": 0, "w": 48, "h": 48 },
    "rotated": false,
    "trimmed": false,
    "spriteSourceSize": { "x": 0, "y": 0, "w": 48, "h": 48 },
    "sourceSize": { "w": 48, "h": 48 },
    "duration": 100
   },
   "running-turtle 7.aseprite": {
    "frame": { "x": 336, "y": 0, "w": 48, "h": 48 },
    "rotated": false,
    "trimmed": false,
    "spriteSourceSize": { "x": 0, "y": 0, "w": 48, "h": 48 },
    "sourceSize": { "w": 48, "h": 48 },
    "duration": 100
   },
   "running-turtle 8.aseprite": {
    "frame": { "x": 384, "y": 0, "w": 48, "h": 48 },
    "rotated": false,
    "trimmed": false,
    "spriteSourceSize": { "x": 0, "y": 0, "w": 48, "h": 48 },
    "sourceSize": { "w": 48, "h": 48 },
    "duration": 100
   }
 },
 "meta": {
  "app": "https://www.aseprite.org/",
  "version": "1.2.40-x64",
  "format": "RGBA8888",
  "size": { "w": 432, "h": 48 },
  "scale": "1",
  "frameTags": [
   { "name": "Stand", "from": 0, "to": 8, "direction": "forward" }
  ],
  "layers": [
   { "name": "Standing", "opacity": 255, "blendMode": "normal" }
  ],
  "slices": [
  ]
 }
}
